{"id": "9e789b1b", "clues": [{"word": "undertone", "rank": 7343.75, "goodness": 0.042750119468149515, "bad_minimax": -0.17350572634263772, "frequency": 21391.0, "neutrals_minimax": -0.18833328020795928, "variance": 0.20311962878177833, "model_prediction": 