{"id":{"0":"lkjsdglkj","1":"lkjsdglkj","2":"lkjsdglkj","3":"lkjsdglkj","4":"lkjsdglkj","5":"lkjsdglkj","6":"lkjsdglkj","7":"lkjsdglkj","8":"lkjsdglkj","9":"lkjsdglkj"},"game_id":{"0":"game_id14234","1":"game_id14234","2":"game_id14234","3":"game_id14234","4":"game_id14234","5":"game_id14234","6":"game_id14234","7":"game_id14234","8":"game_id14234","9":"game_id14234"},"clues":{"0":{"word":"courage","rank":28.5,"goodness":0.1978651685,"bad_minimax":-0.169103327,"frequency":3995.0,"neutrals_minimax":-0.1938010427,"variance":0.3888363495},"1":{"word":"mercy","rank":51.0,"goodness":0.1866201812,"bad_minimax":-0.215753423,"frequency":4980.0,"neutrals_minimax":-0.1190869453,"variance":0.4164258097},"2":{"word":"fortitude","rank":76.5,"goodness":0.1773757469,"bad_minimax":-0.134919059,"frequency":16211.0,"neutrals_minimax":-0.1184067148,"variance":0.3802045043},"3":{"word":"forbearance","rank":90.0,"goodness":0.175444229,"bad_minimax":-0.1583054117,"frequency":21243.0,"neutrals_minimax":-0.1083898618,"variance":0.4205911068},"4":{"word":"unity","rank":106.5,"goodness":0.1762807247,"bad_minimax":-0.1571588973,"frequency":5178.0,"neutrals_minimax":-0.2129718425,"variance":0.2927092179},"5":{"word":"vigor","rank":132.0,"goodness":0.1744712309,"bad_minimax":-0.1602774499,"frequency":13283.0,"neutrals_minimax":-0.1294165373,"variance":0.3271946039},"6":{"word":"majesty","rank":139.5,"goodness":0.1671231476,"bad_minimax":-0.1588095744,"frequency":12633.0,"neutrals_minimax":-0.136332187,"variance":0.4552799096},"7":{"word":"prevail","rank":145.5,"goodness":0.17315471,"bad_minimax":-0.1902490487,"frequency":8815.0,"neutrals_minimax":-0.3083544852,"variance":0.2888640005},"8":{"word":"transcendent","rank":159.0,"goodness":0.1635905992,"bad_minimax":-0.164261914,"frequency":15823.0,"neutrals_minimax":-0.1828608821,"variance":0.3848352443},"9":{"word":"steadfastness","rank":165.0,"goodness":0.1648865029,"bad_minimax":-0.1001731132,"frequency":25685.0,"neutrals_minimax":-0.0920664308,"variance":0.3169840474}}}